temp,pres,hum,red,green,blue,clear,yaw,pitch,roll,mag_x,mag_y,mag_z,acc_x,acc_y,acc_z,gyro_x,gyro_y,gyro_z,datetime
29.417587280273438,974.451904296875,29.371015548706055,32,44,47,114,214.93493727479816,13.281860355280797,0.3100711116072738,-15.304296493530273,8.90101432800293,9.645965576171875,-0.22091789543628693,0.0038846812676638365,0.9411572217941284,0.014424167573451996,0.0030142366886138916,-0.0027067475020885468,2023-02-23 15:39:50.276958
29.328792572021484,974.473876953125,29.846376419067383,32,44,47,114,214.1916487685607,14.494662041480465,5.525818552705307,-31.28526496887207,18.02992820739746,19.929977416992188,-0.2214115858078003,0.0038846812676638365,0.9426194429397583,0.01784401573240757,0.002216218039393425,-0.0037202537059783936,2023-02-23 15:39:56.184141
29.3465518951416,974.440185546875,29.727537155151367,32,44,47,114,214.06121947617012,14.941438375469339,9.788954547702343,-37.72932815551758,21.570707321166992,23.960783004760742,-0.22165840864181519,0.004613059107214212,0.9431067705154419,0.01412547379732132,0.0014700926840305328,-0.002363845705986023,2023-02-23 15:40:02.082563
29.328792572021484,974.47802734375,29.805797576904297,31,44,47,114,213.65323861666693,15.312169090786583,13.701249338245212,-40.48350524902344,23.34134864807129,26.227649688720703,-0.2211647480726242,0.0029135108925402164,0.9438378810882568,0.014410914853215218,0.0017037168145179749,-0.0004120580852031708,2023-02-23 15:40:08.470319
29.328792572021484,974.43994140625,29.991304397583008,31,44,47,114,213.2235377556031,15.888771952971767,17.546525458878268,-41.6307373046875,23.987995147705078,27.860883712768555,-0.2211647480726242,0.0031563034281134605,0.9435941576957703,0.011373497545719147,0.0012917369604110718,-0.002387549728155136,2023-02-23 15:40:14.816862
29.417587280273438,974.45458984375,29.872465133666992,31,44,46,113,212.68560571695122,16.002247008295065,20.00398824866113,-41.87998962402344,24.241085052490234,28.430370330810547,-0.22239892184734344,0.0033990959636867046,0.9411572217941284,0.009777609258890152,0.0003061685711145401,-0.002245929092168808,2023-02-23 15:40:20.826238
29.382068634033203,974.47705078125,30.052173614501953,31,44,46,113,211.8849299613073,16.95881158646077,20.17012406248523,-42.07368469238281,24.40647315979004,28.395872116088867,-0.22215208411216736,0.004370266571640968,0.9448127150535583,0.011592656373977661,-0.0001083221286535263,-0.0017291009426116943,2023-02-23 15:40:26.967321
29.470863342285156,974.451904296875,29.76521873474121,31,44,46,113,211.0755115635258,17.171269743235893,21.812446463509378,-42.189598083496094,24.445253372192383,27.878633499145508,-0.2211647480726242,0.0031563034281134605,0.9431067705154419,0.010331567376852036,0.00011403858661651611,-0.0018264725804328918,2023-02-23 15:40:33.070552
29.39982795715332,974.441162109375,29.930435180664062,31,44,46,113,210.839856376782,17.595127377464788,23.77909185953512,-42.45729446411133,24.71593475341797,27.729045867919922,-0.22165840864181519,0.005341436713933945,0.9418883323669434,0.008759062737226486,0.0009378958493471146,-0.004374448210000992,2023-02-23 15:40:39.178033
29.293275833129883,974.431640625,29.855072021484375,31,44,46,112,210.9987675580115,17.58579050886938,25.873270547743346,-42.400634765625,24.50408172607422,27.6633358001709,-0.21968373656272888,0.005584229249507189,0.9404261112213135,0.009922429919242859,0.0008613597601652145,-0.002724993973970413,2023-02-23 15:40:45.268201
29.36431121826172,974.442138671875,29.6927547454834,31,43,46,112,210.58817756624538,18.60501524248078,27.74450332370589,-42.32532501220703,24.468929290771484,28.593341827392578,-0.22239892184734344,0.004127473570406437,0.9428631067276001,0.009636566042900085,0.0007349960505962372,-0.00409790500998497,2023-02-23 15:40:54.053913
29.275516510009766,974.38818359375,29.8869571685791,31,43,46,112,210.51121499467766,18.323771958121746,28.946672966688784,-42.62595748901367,24.397930145263672,27.98004150390625,-0.22067107260227203,0.004613059107214212,0.9426194429397583,0.009339738637208939,-0.0013598427176475525,-0.001876242458820343,2023-02-23 15:41:00.164725
29.328792572021484,974.36767578125,30.121740341186523,31,43,46,112,210.07219775558593,17.647557617081098,29.827022879000896,-42.47568893432617,24.584239959716797,27.704992294311523,-0.2211647480726242,0.004127473570406437,0.9435941576957703,0.008132129907608032,0.00045084767043590546,0.0009494423866271973,2023-02-23 15:41:06.611842
29.31103515625,974.373291015625,29.60869598388672,31,43,46,111,210.59901024626902,17.156478968588228,30.421823072682287,-42.35248947143555,24.53449249267578,26.74362564086914,-0.2214115858078003,0.0038846812676638365,0.9409134984016418,0.007043801248073578,0.0010368656367063522,-0.001455303281545639,2023-02-23 15:41:12.926148
29.54189682006836,974.400146484375,29.831884384155273,31,43,46,111,210.19626131167004,17.50608220125533,29.301170029896202,-42.38859176635742,24.310298919677734,27.213523864746094,-0.22017739713191986,0.0036418887320905924,0.9421320557594299,0.007831547409296036,-0.0007877293974161148,-0.0001444108784198761,2023-02-23 15:41:18.894203
29.39982795715332,974.403076171875,29.678260803222656,31,43,46,111,209.91205714030582,18.191438750500044,29.597641221009773,-42.0460090637207,24.24534034729004,26.666580200195312,-0.2211647480726242,0.0038846812676638365,0.9406698346138,0.0061714909970760345,-0.00023475103080272675,-0.001567300409078598,2023-02-23 15:41:26.753208
29.382068634033203,974.384521484375,29.817392349243164,31,43,45,111,209.5559857184947,18.538893888673176,28.65265039839266,-42.21220016479492,24.74090003967285,27.23280906677246,-0.22067107260227203,0.005098644178360701,0.9443252682685852,0.002773202955722809,0.0009223651140928268,0.0003669261932373047,2023-02-23 15:41:32.778603
29.506380081176758,974.33447265625,29.782609939575195,31,43,45,111,209.6821256520865,18.26130304797281,29.00854082019076,-42.23304748535156,24.774023056030273,27.194477081298828,-0.2214115858078003,0.0031563034281134605,0.9440816044807434,0.010215826332569122,0.0023582708090543747,-0.0010893195867538452,2023-02-23 15:41:39.044287
29.524139404296875,974.353759765625,29.678260803222656,30,43,45,110,209.28764124638323,18.346711148449234,28.73512834771515,-42.172767639160156,24.652236938476562,26.5443172454834,-0.22017739713191986,0.0036418887320905924,0.9435941576957703,0.005000956356525421,0.0019972510635852814,-0.002144504338502884,2023-02-23 15:41:45.107808
29.48862075805664,974.353271484375,29.718841552734375,30,43,45,110,209.71291614486492,18.21993088462275,29.020599519170418,-41.93379211425781,24.480121612548828,26.873456954956055,-0.22042423486709595,0.0036418887320905924,0.9440816044807434,0.008498471230268478,-0.0007768124341964722,-0.0015175528824329376,2023-02-23 15:41:51.174768
29.54189682006836,974.36181640625,29.59710121154785,30,43,45,110,209.87517411878773,18.10472096125027,28.05168425143804,-42.155494689941406,24.78130340576172,27.30805778503418,-0.22190524637699127,0.0033990959636867046,0.9423757195472717,0.00208866223692894,0.0010219085961580276,-0.0005569607019424438,2023-02-23 15:41:57.287840
29.382068634033203,974.3662109375,29.45217514038086,30,42,45,110,210.67848632745128,18.480116695770633,27.452985727287867,-42.27055740356445,24.65279769897461,27.190021514892578,-0.2211647480726242,0.0036418887320905924,0.9443252682685852,0.005120288580656052,0.00119112990796566,-0.0011107027530670166,2023-02-23 15:42:03.386353
29.63068962097168,974.339599609375,29.46666717529297,30,42,45,110,210.42340608270797,18.57117507023795,26.669440086082343,-42.34400939941406,24.57743263244629,27.266355514526367,-0.2211647480726242,0.004127473570406437,0.9433504939079285,0.0015064291656017303,0.0008531287312507629,-0.0007179975509643555,2023-02-23 15:42:09.412063
29.45310401916504,974.333251953125,29.591304779052734,30,42,45,110,210.38562147621948,18.539568369853715,24.51158866688397,-42.92512512207031,25.018388748168945,27.9334716796875,-0.2211647480726242,0.0031563034281134605,0.9435941576957703,0.00244324654340744,0.0010726936161518097,-0.0020928606390953064,2023-02-23 15:42:15.579727
29.577415466308594,974.35791015625,29.826087951660156,30,42,45,109,210.31678682976408,17.730887632502547,25.868040330386407,-42.3585319519043,24.536319732666016,26.584444046020508,-0.2214115858078003,0.004370266571640968,0.9421320557594299,0.0024096108973026276,-0.000750293955206871,-0.001729566603899002,2023-02-23 15:42:26.137658
29.648448944091797,974.369140625,29.63768196105957,30,42,45,109,210.31753815057277,17.154462355235783,24.913004007047498,-42.06917190551758,24.45585823059082,26.55951690673828,-0.22190524637699127,0.0031563034281134605,0.941400945186615,0.003418542444705963,-0.0004157833755016327,0.001322288066148758,2023-02-23 15:42:32.218684
29.559654235839844,974.352783203125,29.568117141723633,30,42,45,109,210.43186185690047,16.592558060144466,26.05461207020718,-42.3072509765625,24.54261016845703,26.182483673095703,-0.22239892184734344,0.0036418887320905924,0.9406698346138,0.0010550953447818756,0.0025444868952035904,-0.0013678334653377533,2023-02-23 15:42:38.366794
29.701725006103516,974.315185546875,29.81449317932129,30,42,45,109,210.77318007010433,16.79418524444324,25.957242600946774,-41.99818420410156,24.23711395263672,25.758590698242188,-0.2214115858078003,0.0038846812676638365,0.9435941576957703,0.003500208258628845,0.0004051327705383301,0.001384396106004715,2023-02-23 15:42:45.237735
29.63068962097168,974.36376953125,29.684059143066406,30,42,44,108,210.64576972132693,16.7638557894338,24.505702751366712,-42.330177307128906,24.454303741455078,26.202774047851562,-0.22239892184734344,0.004613059107214212,0.9428631067276001,5.7056546211242676e-05,0.002796448767185211,-0.0015703029930591583,2023-02-23 15:42:51.219538
29.63068962097168,974.337158203125,29.646377563476562,30,42,44,108,210.90744792880844,16.22673142065129,22.3293193214028,-42.3934440612793,24.504749298095703,26.426549911499023,-0.22264574468135834,0.0038846812676638365,0.9433504939079285,0.0029451921582221985,-0.001397421583533287,0.0008759014308452606,2023-02-23 15:42:57.401772
29.612930297851562,974.33203125,29.634782791137695,30,42,44,108,210.44615061264412,15.602491404099853,21.296079039614536,-42.164825439453125,24.447437286376953,26.135662078857422,-0.22165840864181519,0.004613059107214212,0.9418883323669434,0.00029901787638664246,0.0007309187203645706,-0.00027370452880859375,2023-02-23 15:43:03.447821
29.54189682006836,974.3310546875,29.428985595703125,30,42,44,108,211.1863655337551,15.580559666674942,21.43914076687504,-42.05707550048828,24.356782913208008,25.952260971069336,-0.2211647480726242,0.004127473570406437,0.9433504939079285,0.004330094903707504,6.272457540035248e-05,-2.5022774934768677e-05,2023-02-23 15:43:09.627270
29.595172882080078,974.312744140625,29.81449317932129,29,42,44,108,211.71496753400072,14.949118923191017,20.093257113565905,-42.747276306152344,24.893369674682617,26.383230209350586,-0.22067107260227203,0.004370266571640968,0.9409134984016418,0.0005953982472419739,0.0012692306190729141,-0.0015741698443889618,2023-02-23 15:43:15.694982
29.63068962097168,974.3447265625,29.57391357421875,29,41,44,107,211.36188773504608,14.127296901876743,20.140201003731402,-42.79604721069336,24.917436599731445,27.988157272338867,-0.21968373656272888,0.004370266571640968,0.9426194429397583,0.0028361305594444275,0.002450736239552498,-0.0021215416491031647,2023-02-23 15:43:21.804967
29.755001068115234,974.300048828125,29.727537155151367,29,41,44,107,211.17595632546,14.279089318443814,19.451178350449684,-42.430355072021484,24.93657684326172,27.039363861083984,-0.22067107260227203,0.0048558516427874565,0.9394513964653015,-0.001278989017009735,-1.3135373592376709e-05,-0.00147145614027977,2023-02-23 15:43:27.999208
29.719482421875,974.328369140625,29.513044357299805,29,41,44,107,210.52458850507256,14.243604778158305,19.349130201607817,-42.00791931152344,24.93295669555664,26.669925689697266,-0.22091789543628693,0.004127473570406437,0.9431067705154419,0.0022152215242385864,0.0015092436224222183,-0.00011912733316421509,2023-02-23 15:43:34.115119
29.63068962097168,974.341552734375,29.69565200805664,29,41,44,107,210.5484258652759,14.212949181615995,18.118007386733236,-42.22842788696289,24.887182235717773,26.94165802001953,-0.22190524637699127,0.0038846812676638365,0.9416446089744568,0.003626689314842224,0.0017795804888010025,-0.0018633157014846802,2023-02-23 15:43:40.217217
29.808277130126953,974.32080078125,29.197101593017578,29,41,44,107,210.65089236320443,13.690880257311486,16.444508587242563,-42.74126052856445,24.88077163696289,27.405763626098633,-0.2214115858078003,0.0036418887320905924,0.9448127150535583,0.002555854618549347,0.00029054656624794006,-0.0008948706090450287,2023-02-23 15:43:46.658015
29.861553192138672,974.32275390625,29.469566345214844,29,41,44,106,209.896074497648,14.040829268305322,15.272799880410629,-42.48009490966797,24.77910614013672,27.754636764526367,-0.22190524637699127,0.004613059107214212,0.9411572217941284,0.0004058331251144409,0.0005615353584289551,0.0015553347766399384,2023-02-23 15:43:55.244012
29.737241744995117,974.34033203125,29.547826766967773,29,41,44,106,209.45309574883763,13.427673795003168,15.036229448318068,-42.52586364746094,24.60269546508789,27.42727279663086,-0.22091789543628693,0.0033990959636867046,0.9411572217941284,0.0005050748586654663,0.002080395817756653,0.0007011927664279938,2023-02-23 15:44:03.319622
29.719482421875,974.34716796875,29.188405990600586,29,41,44,106,210.18546961278142,12.861736273206958,15.29001024957177,-42.5391845703125,24.98155403137207,27.75687026977539,-0.2211647480726242,0.0031563034281134605,0.9431067705154419,0.005468972027301788,-0.0006700120866298676,7.498636841773987e-05,2023-02-23 15:44:09.126758
29.755001068115234,974.341064453125,30.805797576904297,29,41,43,106,211.11601458530396,13.423792540007307,17.29503277099652,-42.47722244262695,24.94797134399414,27.80864715576172,-0.2214115858078003,0.0038846812676638365,0.9426194429397583,-0.0014052614569664001,0.0005062166601419449,-0.00174635648727417,2023-02-23 15:44:17.826453
29.790517807006836,974.32421875,29.394203186035156,29,41,43,106,211.26179814294872,13.380551466145603,16.4774130235691,-42.715614318847656,25.26566505432129,28.049144744873047,-0.22215208411216736,0.0036418887320905924,0.9426194429397583,0.0003000684082508087,0.0005078557878732681,9.042397141456604e-05,2023-02-23 15:44:23.873012
29.790517807006836,974.323974609375,29.21159553527832,29,41,43,105,211.24806946271698,13.169572045325786,15.865395630537398,-42.411766052246094,24.881269454956055,27.65930938720703,-0.22091789543628693,0.004127473570406437,0.9418883323669434,0.0028532184660434723,-0.0007072016596794128,-0.0007820017635822296,2023-02-23 15:44:30.077210
29.861553192138672,974.3154296875,29.463768005371094,29,41,43,105,211.84397614704392,13.562899587738373,17.179098847572018,-42.439762115478516,25.054607391357422,27.33995819091797,-0.2211647480726242,0.0038846812676638365,0.9423757195472717,0.002603519707918167,-0.00012451037764549255,0.0009766817092895508,2023-02-23 15:44:36.349251
29.879310607910156,974.3056640625,29.385507583618164,29,40,43,105,211.91558385030234,13.202660896759914,16.74476711825091,-42.29343032836914,25.07219886779785,28.34817123413086,-0.2211647480726242,0.004370266571640968,0.9404261112213135,-0.0008601732552051544,0.0010346360504627228,0.00037135928869247437,2023-02-23 15:44:44.783689
29.755001068115234,974.31005859375,28.950725555419922,28,40,43,105,211.56154782486388,13.545579935550512,13.290482615334291,-42.49233627319336,25.279054641723633,28.413597106933594,-0.2211647480726242,0.0048558516427874565,0.9421320557594299,-0.0029277503490448,-0.0005148313939571381,-0.0001591220498085022,2023-02-23 15:44:53.545194
29.826034545898438,974.326416015625,29.463768005371094,29,40,43,105,211.66051726593736,13.254165645743686,13.192313160167345,-42.530460357666016,25.023330688476562,28.246328353881836,-0.22289259731769562,0.0033990959636867046,0.9404261112213135,0.0009952858090400696,-0.0008314289152622223,-0.0013252459466457367,2023-02-23 15:44:59.653090
29.77275848388672,974.298095703125,29.327537536621094,28,40,43,104,211.51506155737277,13.348815845940786,12.525627786792509,-42.288028717041016,25.21288299560547,27.977100372314453,-0.22165840864181519,0.0038846812676638365,0.9435941576957703,0.0006049312651157379,0.0006895735859870911,0.00020811334252357483,2023-02-23 15:45:05.855272
29.790517807006836,974.3125,29.200000762939453,28,40,43,104,211.4570869116977,13.095164818281313,11.17393676514157,-42.461849212646484,25.2811279296875,28.11799430847168,-0.22190524637699127,0.0038846812676638365,0.9416446089744568,-0.0023932121694087982,0.0004034563899040222,-0.0027338266372680664,2023-02-23 15:45:12.003531
29.701725006103516,974.33056640625,29.49565315246582,28,40,43,104,211.5415217102174,13.307610168451745,10.012653488304016,-42.55204391479492,25.061641693115234,27.04153823852539,-0.2211647480726242,0.004370266571640968,0.9426194429397583,1.1626631021499634e-05,0.00037213414907455444,-0.00030170008540153503,2023-02-23 15:45:20.319778
29.843793869018555,974.323974609375,29.373912811279297,28,40,43,104,211.85560112901126,15.062049270928009,11.438162633183513,-42.18336868286133,24.53244972229004,26.906475067138672,-0.21844954788684845,0.004613059107214212,0.9311656951904297,-0.0016092397272586823,-0.0009323582053184509,0.0015198737382888794,2023-02-23 15:45:28.932248
29.879310607910156,974.311279296875,29.414493560791016,28,40,43,104,211.11817292508167,14.616391380415724,10.067735548865583,-41.7536735534668,24.757661819458008,26.56222915649414,-0.22215208411216736,0.0036418887320905924,0.9435941576957703,0.0016795098781585693,-0.0008913427591323853,-0.0014493390917778015,2023-02-23 15:45:35.529717
29.737241744995117,974.314208984375,29.24637794494629,28,40,43,104,212.49486585418944,14.633854466576155,9.965983659478965,-41.938297271728516,24.563457489013672,26.362485885620117,-0.22190524637699127,0.0014567554462701082,0.9409134984016418,0.0024804994463920593,4.350394010543823e-05,-0.0014432407915592194,2023-02-23 15:45:44.833188
29.91482925415039,974.312744140625,29.373912811279297,28,40,43,104,212.7020801332293,14.39268390207759,10.513193656344646,-41.88486862182617,24.697721481323242,26.076860427856445,-0.22190524637699127,0.004613059107214212,0.9418883323669434,0.001382686197757721,0.0024629831314086914,0.0012746527791023254,2023-02-23 15:45:52.473965
29.77275848388672,974.322509765625,29.295652389526367,28,40,43,104,212.72647756894457,14.54982435676478,10.643660514775643,-41.98506546020508,24.56426429748535,27.020278930664062,-0.22091789543628693,0.0031563034281134605,0.9448127150535583,0.0009319409728050232,0.0003134924918413162,0.0003793574869632721,2023-02-23 15:45:59.245153
29.95034408569336,974.323486328125,29.344928741455078,28,40,43,103,212.5945729556933,14.28112898368471,10.266113270666727,-42.38539123535156,24.828384399414062,27.779726028442383,-0.22091789543628693,0.0038846812676638365,0.9440816044807434,-0.0013362988829612732,0.0015487298369407654,0.001880209892988205,2023-02-23 15:46:05.223616
29.932586669921875,974.294921875,29.266666412353516,28,40,42,103,212.59841152200684,13.786521688711883,11.541108951901238,-42.33660888671875,24.86629295349121,27.688762664794922,-0.22190524637699127,0.0019423406338319182,0.9428631067276001,-0.0010658279061317444,0.001231025904417038,-0.0011267587542533875,2023-02-23 15:46:13.770219
29.95034408569336,974.29736328125,29.440580368041992,28,40,42,103,213.1401274854589,14.18320370778059,10.385187373562143,-42.47441101074219,24.71851348876953,27.9278621673584,-0.22091789543628693,0.004613059107214212,0.9421320557594299,0.0034234076738357544,-0.0015071108937263489,-0.001452617347240448,2023-02-23 15:46:19.874443
29.861553192138672,974.322998046875,29.1710147857666,28,40,42,103,213.8545516122639,13.476857133442783,9.96383471121135,-42.61378479003906,24.892911911010742,27.835472106933594,-0.21894322335720062,0.0029135108925402164,0.9389639496803284,0.0021259039640426636,-0.0010931305587291718,-0.000590495765209198,2023-02-23 15:46:26.058916
29.879310607910156,974.28076171875,29.385507583618164,28,40,42,103,214.08957842160402,13.564100847258649,10.653730774933182,-42.35270690917969,24.83642578125,26.538293838500977,-0.22067107260227203,0.004127473570406437,0.9426194429397583,0.0001310892403125763,0.0012965556234121323,0.00031958892941474915,2023-02-23 15:46:32.104204
29.89706802368164,974.313720703125,29.53913116455078,28,39,42,103,214.4404179185109,13.304099451218358,10.360588447266343,-42.24543762207031,24.549333572387695,26.42095375061035,-0.22165840864181519,0.0038846812676638365,0.9416446089744568,0.001224018633365631,0.0021818578243255615,0.001149829477071762,2023-02-23 15:46:38.139106
29.861553192138672,974.320068359375,29.25507354736328,28,39,42,103,213.7236715273881,12.8954936294061,8.885079756341414,-42.35401916503906,24.586383819580078,26.61836814880371,-0.22091789543628693,0.0031563034281134605,0.9426194429397583,0.0012372322380542755,0.0006906744092702866,0.0012282170355319977,2023-02-23 15:46:44.423051
30.09241485595703,974.295166015625,29.492753982543945,28,39,42,102,213.9169112393861,12.213339585108479,5.700248777502739,-42.29212188720703,24.600162506103516,26.739538192749023,-0.22091789543628693,0.0026707183569669724,0.9438378810882568,0.003195628523826599,0.0010251905769109726,-0.0015104934573173523,2023-02-23 15:46:55.275430
30.021379470825195,974.31884765625,28.93623161315918,28,39,42,102,214.3218868156545,11.287802848794852,5.3769071953075125,-42.37735366821289,24.817718505859375,26.979671478271484,-0.22165840864181519,0.005098644178360701,0.9443252682685852,0.0010181330144405365,-0.0010405592620372772,0.0006166771054267883,2023-02-23 15:47:01.275661
30.09241485595703,974.349609375,29.53913116455078,28,39,42,102,214.52971581171965,11.795327739035466,3.2854571676727105,-42.53300094604492,24.811988830566406,27.027793884277344,-0.2194368839263916,0.0048558516427874565,0.9416446089744568,-0.00841541588306427,-0.0010266061872243881,-0.0029775425791740417,2023-02-23 15:47:07.467790
29.985862731933594,974.317626953125,29.295652389526367,28,39,42,102,214.6104076665742,12.179979233654842,2.143012192896286,-42.37168884277344,24.850454330444336,26.6754207611084,-0.2211647480726242,0.004127473570406437,0.941400945186615,-0.003236863762140274,-0.0007383283227682114,0.0009778626263141632,2023-02-23 15:47:13.843255
30.127931594848633,974.32080078125,29.200000762939453,28,39,42,102,214.0448270221621,11.31421775163623,2.6109738526998356,-42.35322570800781,24.567466735839844,26.68634605407715,-0.22042423486709595,0.0036418887320905924,0.9445689916610718,-0.0002593100070953369,0.0008305758237838745,-0.0008135922253131866,2023-02-23 15:47:20.724895
30.127931594848633,974.349853515625,29.272464752197266,28,39,42,102,214.3802849330581,12.229156595678935,1.8945674769316572,-42.44332504272461,24.64186668395996,27.24285888671875,-0.21993055939674377,0.0033990959636867046,0.9399387240409851,-1.3086944818496704e-05,-0.0018759295344352722,-0.0002294778823852539,2023-02-23 15:47:26.817842
30.110172271728516,974.341552734375,29.072463989257812,28,39,42,102,214.6645437459357,12.064233140432515,2.339572870934794,-42.234779357910156,24.49542236328125,27.64638328552246,-0.22017739713191986,0.0036418887320905924,0.9433504939079285,-0.002499327063560486,0.0003195255994796753,-0.0008546523749828339,2023-02-23 15:47:33.082145
30.127931594848633,974.32373046875,29.21159553527832,28,39,42,101,214.28669768105058,11.965308095588634,2.9923317020353855,-42.07682800292969,24.46537971496582,27.486303329467773,-0.22042423486709595,0.004370266571640968,0.9448127150535583,0.00028939172625541687,0.0009339191019535065,-0.001129288226366043,2023-02-23 15:47:39.215391
29.985862731933594,974.33935546875,29.220291137695312,27,39,42,101,214.3934808585346,12.05976961180991,3.1949840550398982,-41.9698371887207,24.781320571899414,28.13728904724121,-0.2211647480726242,0.0033990959636867046,0.9411572217941284,-0.0016517452895641327,1.1418014764785767e-05,-0.0007944144308567047,2023-02-23 15:47:45.493069
30.056896209716797,974.33984375,29.110145568847656,27,39,42,101,214.35879715792925,12.564172251826182,4.613131109767768,-41.81282043457031,24.91731834411621,27.81700897216797,-0.22165840864181519,0.009226118214428425,0.9426194429397583,0.002493329346179962,0.0005967151373624802,0.0007597506046295166,2023-02-23 15:47:51.510214
30.074655532836914,974.35107421875,29.263769149780273,27,39,41,101,214.9288447460585,12.342563349110534,6.373606818809854,-42.25851821899414,24.9935302734375,27.677513122558594,-0.2231394201517105,0.0036418887320905924,0.9392076730728149,-0.0006457604467868805,6.206333637237549e-06,-0.0007762424647808075,2023-02-23 15:47:57.741406
30.14569091796875,974.314453125,29.234783172607422,27,39,41,101,214.41677180360432,12.669147136727402,5.870367018499778,-42.588661193847656,24.975339889526367,28.017375946044922,-0.21993055939674377,0.005098644178360701,0.9399387240409851,-3.320351243019104e-05,-0.0003040879964828491,-0.00039579346776008606,2023-02-23 15:48:03.775397
30.163448333740234,974.330810546875,29.24057960510254,27,39,41,100,214.30759805991084,12.125152451413504,3.214916254585288,-42.560970306396484,24.90684700012207,27.686182022094727,-0.22042423486709595,0.0036418887320905924,0.9462748765945435,0.0008131153881549835,0.0008818041533231735,0.0005158260464668274,2023-02-23 15:48:09.669354
30.19896697998047,974.336181640625,29.486957550048828,27,39,41,100,213.80235530662665,12.029934491741649,3.6493683659905205,-42.84907150268555,24.665082931518555,27.634017944335938,-0.2214115858078003,0.0038846812676638365,0.9431067705154419,0.0027975626289844513,0.0021146107465028763,0.0008315220475196838,2023-02-23 15:48:15.733451
30.074655532836914,974.326171875,29.18550682067871,27,39,41,100,213.52791830577553,11.92292335669412,3.029405755406803,-42.850040435791016,24.911611557006836,26.898317337036133,-0.22215208411216736,0.005098644178360701,0.9411572217941284,0.00306764617562294,-3.206171095371246e-05,-0.0013056471943855286,2023-02-23 15:48:21.774015
30.216724395751953,974.321044921875,29.017391204833984,27,38,41,100,213.62578125620348,12.114109743072886,2.812902845982562,-42.338539123535156,24.683185577392578,26.749435424804688,-0.22017739713191986,0.0036418887320905924,0.9404261112213135,-0.007609676569700241,0.0008259359747171402,0.0007925368845462799,2023-02-23 15:48:28.078566
30.14569091796875,974.31298828125,29.046377182006836,27,38,41,100,213.68611914733137,12.602839660264918,4.2540159849077765,-42.47890853881836,24.506006240844727,26.24634552001953,-0.2214115858078003,0.0026707183569669724,0.9438378810882568,0.0017582587897777557,0.00020584650337696075,-0.00015081092715263367,2023-02-23 15:48:36.986308
30.14569091796875,974.317626953125,29.014493942260742,27,38,41,100,214.12927548106015,12.687057600278468,4.105277089786525,-42.4408073425293,24.693965911865234,26.103200912475586,-0.2095634788274765,0.02622159756720066,0.9279976487159729,-0.0015820711851119995,0.00600399449467659,0.0007531195878982544,2023-02-23 15:48:43.188960
30.19896697998047,974.31982421875,29.04927635192871,27,38,41,100,214.0891959310105,12.282147764580833,5.1440442752737985,-42.368690490722656,24.769817352294922,26.290233612060547,-0.22091789543628693,0.0033990959636867046,0.9428631067276001,-0.00020960718393325806,0.0005121380090713501,0.0004433244466781616,2023-02-23 15:48:49.434326
30.110172271728516,974.30908203125,29.10434913635254,27,38,41,100,214.10465947929143,12.323531026988293,6.037212745110733,-42.09685134887695,24.649961471557617,26.259307861328125,-0.22042423486709595,0.0026707183569669724,0.9423757195472717,0.002758841961622238,-0.0007030311971902847,0.0007347501814365387,2023-02-23 15:48:55.669324
30.074655532836914,974.28955078125,29.078262329101562,27,38,41,100,214.00862701956103,12.373200162632626,5.447737964547837,-42.405982971191406,24.750032424926758,26.447072982788086,-0.2211647480726242,0.0038846812676638365,0.9401824474334717,0.002116188406944275,-0.00013112463057041168,-0.001706298440694809,2023-02-23 15:49:01.961036
30.18120765686035,974.296875,29.168115615844727,27,38,41,100,214.55438645500175,12.451426319196782,6.16753190070093,-42.29874801635742,24.732820510864258,27.299177169799805,-0.22067107260227203,0.0036418887320905924,0.9431067705154419,-0.0024667978286743164,0.0010639503598213196,0.0007541067898273468,2023-02-23 15:49:08.132926
30.14569091796875,974.3251953125,28.918840408325195,27,38,41,100,213.50935385161145,13.988849821174231,6.990435653225005,-42.67027282714844,24.883737564086914,27.459877014160156,-0.22067107260227203,0.0038846812676638365,0.9404261112213135,0.006633181124925613,0.0013736076653003693,0.00022152066230773926,2023-02-23 15:49:15.824708
30.127931594848633,974.30126953125,28.9768123626709,27,38,41,99,213.35736848220031,13.80311990216866,7.338806890520567,-42.52592468261719,24.622182846069336,27.238086700439453,-0.22091789543628693,0.0031563034281134605,0.9401824474334717,-0.0004117898643016815,0.00041461922228336334,-0.0024920664727687836,2023-02-23 15:49:22.116530
30.110172271728516,974.297607421875,29.2840576171875,27,38,41,99,213.56086713833167,13.035212832841527,7.8318560485889845,-42.92342758178711,24.54551124572754,26.865360260009766,-0.22042423486709595,0.0026707183569669724,0.9416446089744568,0.0014237239956855774,-0.00013417750597000122,0.0002648867666721344,2023-02-23 15:49:28.420925
30.074655532836914,974.336181640625,29.208696365356445,27,38,41,99,213.03257932678787,12.753739883371656,7.384634044756767,-42.84445571899414,24.76094627380371,27.001447677612305,-0.21993055939674377,0.0048558516427874565,0.9443252682685852,0.00016402453184127808,-0.0006911568343639374,0.0009373687207698822,2023-02-23 15:49:34.735146
30.074655532836914,974.3076171875,28.875362396240234,27,38,41,99,213.5758935545057,12.382541300096266,6.762435400993517,-42.40339660644531,25.016664505004883,26.50182342529297,-0.2214115858078003,0.0016995479818433523,0.9416446089744568,-0.00041250139474868774,-0.0012667216360569,0.0005958080291748047,2023-02-23 15:49:41.015734
29.985862731933594,974.3271484375,29.04347801208496,27,38,41,99,213.85669629166327,12.402277985476664,5.606007107995373,-41.82072067260742,24.65691375732422,25.377159118652344,-0.22091789543628693,0.004127473570406437,0.9426194429397583,0.0016707852482795715,4.2907893657684326e-05,0.00025132298469543457,2023-02-23 15:49:50.289011
30.074655532836914,974.28369140625,28.959421157836914,27,38,41,99,213.81124821292602,12.279377269098747,5.815719955610975,-41.94063949584961,24.510894775390625,25.435680389404297,-0.22165840864181519,0.002185133285820484,0.9433504939079285,0.0010205544531345367,-0.0005356036126613617,0.0008401572704315186,2023-02-23 15:49:56.311750
30.127931594848633,974.333740234375,29.223188400268555,27,38,41,99,213.56433687443004,12.61257865624771,4.286882428307055,-42.06303787231445,24.53101921081543,26.002817153930664,-0.2214115858078003,0.0038846812676638365,0.9440816044807434,0.0016379468142986298,0.0006807614117860794,0.0002340264618396759,2023-02-23 15:50:02.631226
30.14569091796875,974.2880859375,29.130435943603516,27,38,41,99,212.55480759434548,12.625896671355589,1.5204726800047696,-42.24957275390625,24.626253128051758,26.96384048461914,-0.22165840864181519,0.0038846812676638365,0.9440816044807434,0.0001909211277961731,-0.0002502109855413437,0.0005824081599712372,2023-02-23 15:50:09.032445
29.985862731933594,974.294677734375,28.97970962524414,27,38,41,99,212.4283671324302,13.23651046051285,1.8476259346436867,-42.121543884277344,24.696544647216797,27.47634506225586,-0.22091789543628693,0.0038846812676638365,0.9399387240409851,0.0015214458107948303,0.00061788409948349,0.0005936920642852783,2023-02-23 15:50:15.471939
30.163448333740234,974.2978515625,29.301448822021484,27,38,41,98,213.294079949351,13.215557147686544,1.667454935848859,-42.212764739990234,24.710466384887695,27.485271453857422,-0.2214115858078003,0.004127473570406437,0.9428631067276001,-0.0002511367201805115,-3.843940794467926e-05,0.0023820586502552032,2023-02-23 15:50:21.673598
30.127931594848633,974.28955078125,29.165218353271484,27,38,40,98,213.12003306892072,13.41535298751411,1.8054774776057727,-42.14868927001953,24.929317474365234,27.495704650878906,-0.22067107260227203,0.0031563034281134605,0.9448127150535583,0.004480533301830292,-0.0003911443054676056,0.002940066158771515,2023-02-23 15:50:27.798266
30.234481811523438,974.292724609375,29.136232376098633,27,38,40,98,212.54784080139206,13.999501501184866,1.2745134058460852,-42.280269622802734,25.077465057373047,27.039260864257812,-0.22067107260227203,0.005584229249507189,0.9421320557594299,0.00019057095050811768,-0.0004095807671546936,0.000543203204870224,2023-02-23 15:50:33.927893
30.216724395751953,974.296875,28.959421157836914,27,38,40,98,213.498247964021,14.201617044009298,0.5036590031703865,-42.58000946044922,25.228967666625977,26.71800422668457,-0.2214115858078003,0.004613059107214212,0.9438378810882568,-0.0001330636441707611,0.0007589124143123627,0.0011185333132743835,2023-02-23 15:50:40.216936
30.14569091796875,974.329345703125,29.031885147094727,27,38,40,98,213.37460787966543,13.963029144790644,1.147077764024397,-42.67206954956055,24.9405460357666,26.572235107421875,-0.21993055939674377,0.006069814320653677,0.9421320557594299,0.0010624676942825317,-0.0010330770164728165,-0.0007124245166778564,2023-02-23 15:50:46.769737
30.216724395751953,974.278564453125,29.156522750854492,27,38,40,98,213.86013870700495,13.651346268621806,1.3164981517873304,-42.250701904296875,24.64806365966797,26.645448684692383,-0.2211647480726242,0.005098644178360701,0.9423757195472717,0.0003966875374317169,-8.388608694076538e-05,0.00016603246331214905,2023-02-23 15:50:52.762502
30.216724395751953,974.2861328125,29.365217208862305,27,38,40,98,214.74770812926977,12.178491959963074,2.8364309266825516,-42.133201599121094,24.34149169921875,25.541563034057617,-0.21993055939674377,0.005098644178360701,0.9401824474334717,0.0006317012012004852,-0.0003689248114824295,-0.0012909136712551117,2023-02-23 15:51:12.320416
30.110172271728516,974.304443359375,29.214492797851562,26,37,40,97,214.87566489318078,12.55800032213743,1.3126656686110127,-41.96900177001953,24.376693725585938,24.96633529663086,-0.21968373656272888,0.005341436713933945,0.9423757195472717,0.00096898153424263,-0.0013053584843873978,-0.0006752610206604004,2023-02-23 15:51:22.521385
30.09241485595703,974.296875,29.139131546020508,27,37,40,97,215.49774486240722,12.294410515461944,1.1309578772529323,-41.57503890991211,24.314952850341797,24.77391815185547,-0.21968373656272888,0.004370266571640968,0.9455438256263733,-0.004410680383443832,-0.0009445603936910629,-0.0010005198419094086,2023-02-23 15:51:30.346068
30.18120765686035,974.2919921875,29.057971954345703,27,37,40,97,215.72273129366744,12.342184273611599,1.6670217524450923,-41.75388717651367,24.531352996826172,25.313613891601562,-0.22042423486709595,0.004613059107214212,0.9453001022338867,0.004549544304609299,0.001475255936384201,0.0005171820521354675,2023-02-23 15:51:36.254247
30.056896209716797,974.288818359375,28.933334350585938,26,37,40,97,215.62658955091032,11.89490762826602,1.946586411093886,-41.671356201171875,24.67886734008789,25.43091583251953,-0.21869638562202454,0.004127473570406437,0.9443252682685852,-0.00034975260496139526,-0.0005647391080856323,0.0013885460793972015,2023-02-23 15:51:42.209632
30.14569091796875,974.291259765625,28.988407135009766,26,37,40,97,215.26163888317822,12.213249085101975,1.4334221324763687,-41.55326461791992,24.7514591217041,24.582578659057617,-0.2211647480726242,0.004127473570406437,0.9428631067276001,0.0017797201871871948,0.002145448699593544,-0.00017999857664108276,2023-02-23 15:51:48.115247
29.932586669921875,974.289306640625,29.228986740112305,26,37,40,97,215.91236466578366,12.281717462663122,0.6753612610854859,-41.22509765625,24.522024154663086,24.328136444091797,-0.22091789543628693,0.004613059107214212,0.9392076730728149,-0.00119694322347641,-0.0012148767709732056,0.0015795975923538208,2023-02-23 15:51:54.027439
30.021379470825195,974.317138671875,29.307247161865234,26,37,40,97,216.48037685754028,12.743429712819522,0.6894659218866795,-41.45858383178711,24.321502685546875,23.844205856323242,-0.2211647480726242,0.004370266571640968,0.9440816044807434,-0.0023194290697574615,-0.0006189271807670593,-1.5523284673690796e-05,2023-02-23 15:51:59.941860
29.77275848388672,974.32958984375,29.136232376098633,26,37,40,97,216.1338813609455,13.169036729249587,358.6538497558698,-41.56352996826172,24.32412338256836,24.066091537475586,-0.22091789543628693,0.0033990959636867046,0.9428631067276001,-0.0018530301749706268,0.0002930983901023865,-0.0018066279590129852,2023-02-23 15:52:05.891496
29.95034408569336,974.318603515625,29.32463836669922,26,37,40,96,215.93392074280422,12.866770976398904,359.239725080101,-41.68280029296875,24.27206039428711,24.1023006439209,-0.2194368839263916,0.005341436713933945,0.9440816044807434,-0.0029062703251838684,-0.0015133563429117203,3.993511199951172e-06,2023-02-23 15:52:11.806321
29.737241744995117,974.272216796875,29.115942001342773,26,37,40,96,215.44403225477424,12.48587693959668,358.3798538358287,-41.881351470947266,24.352405548095703,24.046436309814453,-0.22165840864181519,0.004370266571640968,0.9416446089744568,-0.001540306955575943,0.0009832754731178284,0.0009440816938877106,2023-02-23 15:52:17.743441
29.790517807006836,974.287841796875,29.342029571533203,26,37,40,96,215.769477108347,12.776545885010329,357.4146863142383,-41.86777877807617,24.245241165161133,24.043672561645508,-0.2211647480726242,0.005098644178360701,0.9406698346138,0.0018726997077465057,-0.0013887807726860046,0.001483134925365448,2023-02-23 15:52:23.703025
29.63068962097168,974.33984375,29.124637603759766,26,37,40,96,216.86579077202575,13.29893326688489,357.72522577405135,-42.18263244628906,24.422319412231445,24.343395233154297,-0.22264574468135834,0.005098644178360701,0.9445689916610718,-0.001124359667301178,-0.001972109079360962,0.0016218647360801697,2023-02-23 15:52:29.680371
29.595172882080078,974.32373046875,29.373912811279297,26,37,40,96,216.5408650128299,12.638526544904588,357.3299960239549,-41.7370719909668,24.270292282104492,23.82765007019043,-0.21968373656272888,0.006069814320653677,0.9455438256263733,-0.0024377666413784027,-0.0013023782521486282,-0.0007973425090312958,2023-02-23 15:52:35.602093
29.719482421875,974.314453125,29.47536277770996,26,37,40,96,216.92353319126903,12.572746700555488,356.777982483112,-41.74053192138672,24.37234878540039,24.13697624206543,-0.22165840864181519,0.0048558516427874565,0.9453001022338867,0.0016763992607593536,0.001736106351017952,0.0018533989787101746,2023-02-23 15:52:41.555628
29.612930297851562,974.31494140625,29.457971572875977,26,37,39,96,216.63215732127628,13.077700878347239,356.6687476946028,-42.049346923828125,24.45176887512207,23.85397720336914,-0.22165840864181519,0.0036418887320905924,0.9431067705154419,-0.0021579675376415253,-0.00013457797467708588,4.131346940994263e-06,2023-02-23 15:52:47.519126
29.39982795715332,974.3203125,29.365217208862305,26,37,39,96,216.41203398470512,14.046336108323644,357.626575857765,-42.149147033691406,24.335704803466797,24.465177536010742,-0.22067107260227203,0.0048558516427874565,0.9423757195472717,0.0006533786654472351,-0.0008103027939796448,0.0014954321086406708,2023-02-23 15:52:53.552224
29.612930297851562,974.319091796875,29.434783935546875,26,37,39,96,216.56365052390106,13.821062809118283,356.9962524905406,-42.38909912109375,24.3839168548584,25.124469757080078,-0.22091789543628693,0.004370266571640968,0.9450563788414001,-0.0022736750543117523,0.0004692431539297104,0.002038039267063141,2023-02-23 15:52:59.644175
29.382068634033203,974.30712890625,29.492753982543945,26,37,39,96,217.0653688995735,14.157264356860175,355.9670358305037,-42.47358322143555,24.608495712280273,25.88903045654297,-0.22091789543628693,0.0038846812676638365,0.9423757195472717,-0.004833213984966278,-0.0001717880368232727,0.0025299377739429474,2023-02-23 15:53:05.590104
29.39982795715332,974.309326171875,29.640579223632812,26,37,39,96,217.12935411171821,14.03582786228558,355.974842736725,-42.19696044921875,24.479766845703125,25.572463989257812,-0.2211647480726242,0.004370266571640968,0.9435941576957703,0.0020614229142665863,0.00013994239270687103,0.0003711804747581482,2023-02-23 15:53:11.502311
29.36431121826172,974.334716796875,29.481159210205078,26,37,39,96,217.2858747267382,13.733377694327306,353.96496950032906,-41.884090423583984,24.31035041809082,24.603578567504883,-0.2194368839263916,0.004370266571640968,0.9426194429397583,0.00131206214427948,-0.0025225523859262466,0.00036711618304252625,2023-02-23 15:53:17.471394
29.39982795715332,974.360595703125,29.521739959716797,26,37,39,96,217.42626243493865,13.479849610072895,353.5643596956008,-42.12424850463867,24.563690185546875,25.553953170776367,-0.21894322335720062,0.004127473570406437,0.9443252682685852,-0.0013433173298835754,-0.0015056747943162918,0.001229315996170044,2023-02-23 15:53:23.452964
29.328792572021484,974.392822265625,29.571014404296875,26,37,39,96,218.02102164748501,13.014352581342662,354.02055571422875,-42.213016510009766,24.727819442749023,25.812910079956055,-0.22190524637699127,0.0036418887320905924,0.9406698346138,-0.001254841685295105,0.0006497800350189209,0.0005633533000946045,2023-02-23 15:53:29.549969
29.25775909423828,974.384033203125,29.362319946289062,26,37,39,96,218.332573896286,12.575635016800756,354.0017257364607,-42.6020622253418,24.629642486572266,26.156991958618164,-0.22017739713191986,0.0048558516427874565,0.9384765625,-0.005882497876882553,-0.0007999315857887268,-0.000979699194431305,2023-02-23 15:53:35.629132
29.168964385986328,974.39697265625,29.582609176635742,26,37,39,95,218.23397328542768,12.559871793970014,353.2590843906471,-42.7994384765625,24.600189208984375,26.84113121032715,-0.22042423486709595,0.0038846812676638365,0.9421320557594299,-0.004744447767734528,0.001314474269747734,-3.948435187339783e-05,2023-02-23 15:53:41.780828
29.222240447998047,974.40771484375,29.53043556213379,26,37,39,95,218.08238406698842,12.229315397577137,352.74754292228766,-42.64161682128906,24.573169708251953,26.511831283569336,-0.2211647480726242,0.004613059107214212,0.9460311532020569,0.0017386004328727722,0.00012115016579627991,0.0003083162009716034,2023-02-23 15:53:47.887632
29.39982795715332,974.43505859375,29.65217399597168,26,36,39,95,217.18075811541172,12.249330413166215,352.3582007952558,-42.36931228637695,24.401996612548828,25.67463493347168,-0.22091789543628693,0.0033990959636867046,0.9440816044807434,-0.005949139595031738,-0.00016749463975429535,0.0015134438872337341,2023-02-23 15:53:53.932438
29.186725616455078,974.422607421875,29.74492835998535,26,36,39,95,217.29725382189545,12.098936477831703,352.0983146586577,-42.04627227783203,24.380878448486328,25.752805709838867,-0.22067107260227203,0.0036418887320905924,0.9428631067276001,-0.002589736133813858,-0.00018738768994808197,-0.0005629546940326691,2023-02-23 15:53:59.841228
29.275516510009766,974.438232421875,29.684059143066406,26,36,39,95,217.96031492614196,12.83558091755404,351.2428078519043,-42.18849563598633,24.393272399902344,26.040546417236328,-0.22067107260227203,0.005098644178360701,0.9426194429397583,-0.004182659089565277,0.0001108068972826004,0.002392992377281189,2023-02-23 15:54:05.861060
29.3465518951416,974.438720703125,29.68115997314453,25,36,39,94,217.72978238127567,11.868801791484586,351.17256789402717,-42.04938507080078,24.181547164916992,25.92997932434082,-0.2211647480726242,0.004613059107214212,0.9431067705154419,-0.0024966560304164886,0.00017252005636692047,0.0006083622574806213,2023-02-23 15:54:11.862434
29.222240447998047,974.46533203125,29.7391300201416,25,36,39,94,217.75672064736222,12.747540632926222,351.42256306293336,-42.03077697753906,24.232101440429688,25.37063980102539,-0.22239892184734344,0.004127473570406437,0.9423757195472717,-0.0023428425192832947,-0.0022798720747232437,0.00029854848980903625,2023-02-23 15:54:17.767561
29.204483032226562,974.451171875,29.968116760253906,25,36,39,93,217.82720819959675,12.759064015829681,352.2039529256821,-41.725013732910156,24.46114158630371,25.51679039001465,-0.22215208411216736,0.0036418887320905924,0.9453001022338867,-0.005206480622291565,-0.00042762793600559235,0.0005841553211212158,2023-02-23 15:54:23.735415
29.275516510009766,974.4462890625,29.915943145751953,25,36,39,94,217.44698522888046,13.021344133731816,350.45175839412184,-42.02280807495117,24.397186279296875,25.96388053894043,-0.22042423486709595,0.004370266571640968,0.9438378810882568,-0.002843838185071945,-0.00045940279960632324,-0.0006608068943023682,2023-02-23 15:54:29.789643
29.222240447998047,974.468994140625,29.713043212890625,25,36,38,93,217.18250664383925,13.262753754851332,350.15449148596997,-42.35121536254883,24.795452117919922,27.281375885009766,-0.22042423486709595,0.004613059107214212,0.9453001022338867,-0.0018515661358833313,-0.001424647867679596,-0.0015281513333320618,2023-02-23 15:54:35.822158
29.240001678466797,974.476806640625,30.21159553527832,25,36,39,93,215.81044458298874,13.588745877331347,349.9425097348894,-42.06246566772461,24.707693099975586,27.43984603881836,-0.22215208411216736,0.005098644178360701,0.9474933743476868,-0.0052891261875629425,0.0015280675143003464,-0.0017291158437728882,2023-02-23 15:54:41.856754
29.275516510009766,974.4609375,29.89855194091797,25,36,38,93,215.72161114264355,14.057603359133227,350.8953279542954,-42.56122970581055,24.65476417541504,27.68466567993164,-0.2191900610923767,0.0038846812676638365,0.9423757195472717,-0.003978922963142395,0.0008820556104183197,-0.0011243559420108795,2023-02-23 15:54:47.888535
